epoch,lr,loss,iou,val_loss,val_iou,accuracy
0.0,0.0003,0.5267046117506152,0.6964005651375319,0.26779315841827,0.7828369506231148,0.9923410100097841
